STRUCTURE,STRUCTURE_ID,STRUCTURE_NAME,ACTION,REF_AREA,Reference area,FREQ,Frequency of observation,METHODOLOGY,Methodology,MEASURE,Measure,UNIT_MEASURE,Unit of measure,EXPENDITURE,Expenditure,ADJUSTMENT,Adjustment,TRANSFORMATION,Transformation,TIME_PERIOD,Time period,OBS_VALUE,Observation value,OBS_STATUS,Observation status,UNIT_MULT,Unit multiplier,BASE_PER,Base period,DURABILITY,Durability,DECIMALS,Decimals
DATAFLOW,OECD.SDD.TPS:DSD_PRICES@DF_PRICES_ALL(1.0),"Consumer price indices (CPIs, HICPs), COICOP 1999",I,CHE,Switzerland,Q,Quarterly,N,National,CPI,Consumer price index,IX,Index,_T,Total,N,Neither seasonally adjusted nor calendar adjusted,_Z,Not applicable,2010-Q2,,102.4351,,A,Normal value,,,2015,,,,2,Two
DATAFLOW,OECD.SDD.TPS:DSD_PRICES@DF_PRICES_ALL(1.0),"Consumer price indices (CPIs, HICPs), COICOP 1999",I,CHE,Switzerland,Q,Quarterly,N,National,CPI,Consumer price index,IX,Index,_T,Total,N,Neither seasonally adjusted nor calendar adjusted,_Z,Not applicable,2010-Q3,,101.3389,,A,Normal value,,,2015,,,,2,Two
DATAFLOW,OECD.SDD.TPS:DSD_PRICES@DF_PRICES_ALL(1.0),"Consumer price indices (CPIs, HICPs), COICOP 1999",I,CHE,Switzerland,Q,Quarterly,N,National,CPI,Consumer price index,IX,Index,_T,Total,N,Neither seasonally adjusted nor calendar adjusted,_Z,Not applicable,1995-Q3,,90.25466,,A,Normal value,,,2015,,,,2,Two
DATAFLOW,OECD.SDD.TPS:DSD_PRICES@DF_PRICES_ALL(1.0),"Consumer price indices (CPIs, HICPs), COICOP 1999",I,CHE,Switzerland,Q,Quarterly,N,National,CPI,Consumer price index,IX,Index,_T,Total,N,Neither seasonally adjusted nor calendar adjusted,_Z,Not applicable,1995-Q4,,90.26676,,A,Normal value,,,2015,,,,2,Two
DATAFLOW,OECD.SDD.TPS:DSD_PRICES@DF_PRICES_ALL(1.0),"Consumer price indices (CPIs, HICPs), COICOP 1999",I,CHE,Switzerland,Q,Quarterly,N,National,CPI,Consumer price index,IX,Index,_T,Total,N,Neither seasonally adjusted nor calendar adjusted,_Z,Not applicable,1996-Q1,,90.66876,,A,Normal value,,,2015,,,,2,Two
DATAFLOW,OECD.SDD.TPS:DSD_PRICES@DF_PRICES_ALL(1.0),"Consumer price indices (CPIs, HICPs), COICOP 1999",I,CHE,Switzerland,Q,Quarterly,N,National,CPI,Consumer price index,IX,Index,_T,Total,N,Neither seasonally adjusted nor calendar adjusted,_Z,Not applicable,1996-Q2,,90.74939,,A,Normal value,,,2015,,,,2,Two
DATAFLOW,OECD.SDD.TPS:DSD_PRICES@DF_PRICES_ALL(1.0),"Consumer price indices (CPIs, HICPs), COICOP 1999",I,CHE,Switzerland,Q,Quarterly,N,National,CPI,Consumer price index,IX,Index,_T,Total,N,Neither seasonally adjusted nor calendar adjusted,_Z,Not applicable,1996-Q3,,90.80351,,A,Normal value,,,2015,,,,2,Two
DATAFLOW,OECD.SDD.TPS:DSD_PRICES@DF_PRICES_ALL(1.0),"Consumer price indices (CPIs, HICPs), COICOP 1999",I,CHE,Switzerland,Q,Quarterly,N,National,CPI,Consumer price index,IX,Index,_T,Total,N,Neither seasonally adjusted nor calendar adjusted,_Z,Not applicable,2009-Q2,,101.4328,,A,Normal value,,,2015,,,,2,Two
DATAFLOW,OECD.SDD.TPS:DSD_PRICES@DF_PRICES_ALL(1.0),"Consumer price indices (CPIs, HICPs), COICOP 1999",I,CHE,Switzerland,Q,Quarterly,N,National,CPI,Consumer price index,IX,Index,_T,Total,N,Neither seasonally adjusted nor calendar adjusted,_Z,Not applicable,1997-Q4,,91.2971,,A,Normal value,,,2015,,,,2,Two
DATAFLOW,OECD.SDD.TPS:DSD_PRICES@DF_PRICES_ALL(1.0),"Consumer price indices (CPIs, HICPs), COICOP 1999",I,CHE,Switzerland,Q,Quarterly,N,National,CPI,Consumer price index,IX,Index,_T,Total,N,Neither seasonally adjusted nor calendar adjusted,_Z,Not applicable,1998-Q1,,91.33643,,A,Normal value,,,2015,,,,2,Two
DATAFLOW,OECD.SDD.TPS:DSD_PRICES@DF_PRICES_ALL(1.0),"Consumer price indices (CPIs, HICPs), COICOP 1999",I,CHE,Switzerland,Q,Quarterly,N,National,CPI,Consumer price index,IX,Index,_T,Total,N,Neither seasonally adjusted nor calendar adjusted,_Z,Not applicable,1998-Q2,,91.27628,,A,Normal value,,,2015,,,,2,Two
DATAFLOW,OECD.SDD.TPS:DSD_PRICES@DF_PRICES_ALL(1.0),"Consumer price indices (CPIs, HICPs), COICOP 1999",I,CHE,Switzerland,Q,Quarterly,N,National,CPI,Consumer price index,IX,Index,_T,Total,N,Neither seasonally adjusted nor calendar adjusted,_Z,Not applicable,1998-Q3,,91.31181,,A,Normal value,,,2015,,,,2,Two
DATAFLOW,OECD.SDD.TPS:DSD_PRICES@DF_PRICES_ALL(1.0),"Consumer price indices (CPIs, HICPs), COICOP 1999",I,CHE,Switzerland,Q,Quarterly,N,National,CPI,Consumer price index,IX,Index,_T,Total,N,Neither seasonally adjusted nor calendar adjusted,_Z,Not applicable,1998-Q4,,91.22626,,A,Normal value,,,2015,,,,2,Two
DATAFLOW,OECD.SDD.TPS:DSD_PRICES@DF_PRICES_ALL(1.0),"Consumer price indices (CPIs, HICPs), COICOP 1999",I,CHE,Switzerland,Q,Quarterly,N,National,CPI,Consumer price index,IX,Index,_T,Total,N,Neither seasonally adjusted nor calendar adjusted,_Z,Not applicable,1999-Q1,,91.58853,,A,Normal value,,,2015,,,,2,Two
DATAFLOW,OECD.SDD.TPS:DSD_PRICES@DF_PRICES_ALL(1.0),"Consumer price indices (CPIs, HICPs), COICOP 1999",I,CHE,Switzerland,Q,Quarterly,N,National,CPI,Consumer price index,IX,Index,_T,Total,N,Neither seasonally adjusted nor calendar adjusted,_Z,Not applicable,1999-Q2,,91.80679,,A,Normal value,,,2015,,,,2,Two
DATAFLOW,OECD.SDD.TPS:DSD_PRICES@DF_PRICES_ALL(1.0),"Consumer price indices (CPIs, HICPs), COICOP 1999",I,CHE,Switzerland,Q,Quarterly,N,National,CPI,Consumer price index,IX,Index,_T,Total,N,Neither seasonally adjusted nor calendar adjusted,_Z,Not applicable,1999-Q3,,92.19412,,A,Normal value,,,2015,,,,2,Two
DATAFLOW,OECD.SDD.TPS:DSD_PRICES@DF_PRICES_ALL(1.0),"Consumer price indices (CPIs, HICPs), COICOP 1999",I,CHE,Switzerland,Q,Quarterly,N,National,CPI,Consumer price index,IX,Index,_T,Total,N,Neither seasonally adjusted nor calendar adjusted,_Z,Not applicable,1999-Q4,,92.50607,,A,Normal value,,,2015,,,,2,Two
DATAFLOW,OECD.SDD.TPS:DSD_PRICES@DF_PRICES_ALL(1.0),"Consumer price indices (CPIs, HICPs), COICOP 1999",I,CHE,Switzerland,Q,Quarterly,N,National,CPI,Consumer price index,IX,Index,_T,Total,N,Neither seasonally adjusted nor calendar adjusted,_Z,Not applicable,2000-Q1,,93.02094,,A,Normal value,,,2015,,,,2,Two
DATAFLOW,OECD.SDD.TPS:DSD_PRICES@DF_PRICES_ALL(1.0),"Consumer price indices (CPIs, HICPs), COICOP 1999",I,CHE,Switzerland,Q,Quarterly,N,National,CPI,Consumer price index,IX,Index,_T,Total,N,Neither seasonally adjusted nor calendar adjusted,_Z,Not applicable,2000-Q2,,93.28243,,A,Normal value,,,2015,,,,2,Two
DATAFLOW,OECD.SDD.TPS:DSD_PRICES@DF_PRICES_ALL(1.0),"Consumer price indices (CPIs, HICPs), COICOP 1999",I,CHE,Switzerland,Q,Quarterly,N,National,CPI,Consumer price index,IX,Index,_T,Total,N,Neither seasonally adjusted nor calendar adjusted,_Z,Not applicable,2000-Q3,,93.56211,,A,Normal value,,,2015,,,,2,Two
DATAFLOW,OECD.SDD.TPS:DSD_PRICES@DF_PRICES_ALL(1.0),"Consumer price indices (CPIs, HICPs), COICOP 1999",I,CHE,Switzerland,Q,Quarterly,N,National,CPI,Consumer price index,IX,Index,_T,Total,N,Neither seasonally adjusted nor calendar adjusted,_Z,Not applicable,1995-Q1,,89.71326,,A,Normal value,,,2015,,,,2,Two
DATAFLOW,OECD.SDD.TPS:DSD_PRICES@DF_PRICES_ALL(1.0),"Consumer price indices (CPIs, HICPs), COICOP 1999",I,CHE,Switzerland,Q,Quarterly,N,National,CPI,Consumer price index,IX,Index,_T,Total,N,Neither seasonally adjusted nor calendar adjusted,_Z,Not applicable,1995-Q2,,90.03708,,A,Normal value,,,2015,,,,2,Two
DATAFLOW,OECD.SDD.TPS:DSD_PRICES@DF_PRICES_ALL(1.0),"Consumer price indices (CPIs, HICPs), COICOP 1999",I,CHE,Switzerland,Q,Quarterly,N,National,CPI,Consumer price index,IX,Index,_T,Total,N,Neither seasonally adjusted nor calendar adjusted,_Z,Not applicable,2002-Q3,,94.8102,,A,Normal value,,,2015,,,,2,Two
DATAFLOW,OECD.SDD.TPS:DSD_PRICES@DF_PRICES_ALL(1.0),"Consumer price indices (CPIs, HICPs), COICOP 1999",I,CHE,Switzerland,Q,Quarterly,N,National,CPI,Consumer price index,IX,Index,_T,Total,N,Neither seasonally adjusted nor calendar adjusted,_Z,Not applicable,2002-Q4,,95.31294,,A,Normal value,,,2015,,,,2,Two
DATAFLOW,OECD.SDD.TPS:DSD_PRICES@DF_PRICES_ALL(1.0),"Consumer price indices (CPIs, HICPs), COICOP 1999",I,CHE,Switzerland,Q,Quarterly,N,National,CPI,Consumer price index,IX,Index,_T,Total,N,Neither seasonally adjusted nor calendar adjusted,_Z,Not applicable,2003-Q1,,95.48195,,A,Normal value,,,2015,,,,2,Two
DATAFLOW,OECD.SDD.TPS:DSD_PRICES@DF_PRICES_ALL(1.0),"Consumer price indices (CPIs, HICPs), COICOP 1999",I,CHE,Switzerland,Q,Quarterly,N,National,CPI,Consumer price index,IX,Index,_T,Total,N,Neither seasonally adjusted nor calendar adjusted,_Z,Not applicable,2003-Q2,,95.85765,,A,Normal value,,,2015,,,,2,Two
DATAFLOW,OECD.SDD.TPS:DSD_PRICES@DF_PRICES_ALL(1.0),"Consumer price indices (CPIs, HICPs), COICOP 1999",I,CHE,Switzerland,Q,Quarterly,N,National,CPI,Consumer price index,IX,Index,_T,Total,N,Neither seasonally adjusted nor calendar adjusted,_Z,Not applicable,2003-Q3,,95.23312,,A,Normal value,,,2015,,,,2,Two
DATAFLOW,OECD.SDD.TPS:DSD_PRICES@DF_PRICES_ALL(1.0),"Consumer price indices (CPIs, HICPs), COICOP 1999",I,CHE,Switzerland,Q,Quarterly,N,National,CPI,Consumer price index,IX,Index,_T,Total,N,Neither seasonally adjusted nor calendar adjusted,_Z,Not applicable,2003-Q4,,95.80853,,A,Normal value,,,2015,,,,2,Two
DATAFLOW,OECD.SDD.TPS:DSD_PRICES@DF_PRICES_ALL(1.0),"Consumer price indices (CPIs, HICPs), COICOP 1999",I,CHE,Switzerland,Q,Quarterly,N,National,CPI,Consumer price index,IX,Index,_T,Total,N,Neither seasonally adjusted nor calendar adjusted,_Z,Not applicable,2004-Q1,,95.53461,,A,Normal value,,,2015,,,,2,Two
DATAFLOW,OECD.SDD.TPS:DSD_PRICES@DF_PRICES_ALL(1.0),"Consumer price indices (CPIs, HICPs), COICOP 1999",I,CHE,Switzerland,Q,Quarterly,N,National,CPI,Consumer price index,IX,Index,_T,Total,N,Neither seasonally adjusted nor calendar adjusted,_Z,Not applicable,2004-Q2,,96.68758,,A,Normal value,,,2015,,,,2,Two
DATAFLOW,OECD.SDD.TPS:DSD_PRICES@DF_PRICES_ALL(1.0),"Consumer price indices (CPIs, HICPs), COICOP 1999",I,CHE,Switzerland,Q,Quarterly,N,National,CPI,Consumer price index,IX,Index,_T,Total,N,Neither seasonally adjusted nor calendar adjusted,_Z,Not applicable,2004-Q3,,96.09796,,A,Normal value,,,2015,,,,2,Two
DATAFLOW,OECD.SDD.TPS:DSD_PRICES@DF_PRICES_ALL(1.0),"Consumer price indices (CPIs, HICPs), COICOP 1999",I,CHE,Switzerland,Q,Quarterly,N,National,CPI,Consumer price index,IX,Index,_T,Total,N,Neither seasonally adjusted nor calendar adjusted,_Z,Not applicable,2004-Q4,,97.13128,,A,Normal value,,,2015,,,,2,Two
DATAFLOW,OECD.SDD.TPS:DSD_PRICES@DF_PRICES_ALL(1.0),"Consumer price indices (CPIs, HICPs), COICOP 1999",I,CHE,Switzerland,Q,Quarterly,N,National,CPI,Consumer price index,IX,Index,_T,Total,N,Neither seasonally adjusted nor calendar adjusted,_Z,Not applicable,2005-Q1,,96.82638,,A,Normal value,,,2015,,,,2,Two
DATAFLOW,OECD.SDD.TPS:DSD_PRICES@DF_PRICES_ALL(1.0),"Consumer price indices (CPIs, HICPs), COICOP 1999",I,CHE,Switzerland,Q,Quarterly,N,National,CPI,Consumer price index,IX,Index,_T,Total,N,Neither seasonally adjusted nor calendar adjusted,_Z,Not applicable,2005-Q2,,97.71157,,A,Normal value,,,2015,,,,2,Two
DATAFLOW,OECD.SDD.TPS:DSD_PRICES@DF_PRICES_ALL(1.0),"Consumer price indices (CPIs, HICPs), COICOP 1999",I,CHE,Switzerland,Q,Quarterly,N,National,CPI,Consumer price index,IX,Index,_T,Total,N,Neither seasonally adjusted nor calendar adjusted,_Z,Not applicable,2005-Q3,,97.23396,,A,Normal value,,,2015,,,,2,Two
DATAFLOW,OECD.SDD.TPS:DSD_PRICES@DF_PRICES_ALL(1.0),"Consumer price indices (CPIs, HICPs), COICOP 1999",I,CHE,Switzerland,Q,Quarterly,N,National,CPI,Consumer price index,IX,Index,_T,Total,N,Neither seasonally adjusted nor calendar adjusted,_Z,Not applicable,2005-Q4,,98.19684,,A,Normal value,,,2015,,,,2,Two
DATAFLOW,OECD.SDD.TPS:DSD_PRICES@DF_PRICES_ALL(1.0),"Consumer price indices (CPIs, HICPs), COICOP 1999",I,CHE,Switzerland,Q,Quarterly,N,National,CPI,Consumer price index,IX,Index,_T,Total,N,Neither seasonally adjusted nor calendar adjusted,_Z,Not applicable,2006-Q1,,98.02145,,A,Normal value,,,2015,,,,2,Two
DATAFLOW,OECD.SDD.TPS:DSD_PRICES@DF_PRICES_ALL(1.0),"Consumer price indices (CPIs, HICPs), COICOP 1999",I,CHE,Switzerland,Q,Quarterly,N,National,CPI,Consumer price index,IX,Index,_T,Total,N,Neither seasonally adjusted nor calendar adjusted,_Z,Not applicable,2006-Q2,,99.00865,,A,Normal value,,,2015,,,,2,Two
DATAFLOW,OECD.SDD.TPS:DSD_PRICES@DF_PRICES_ALL(1.0),"Consumer price indices (CPIs, HICPs), COICOP 1999",I,CHE,Switzerland,Q,Quarterly,N,National,CPI,Consumer price index,IX,Index,_T,Total,N,Neither seasonally adjusted nor calendar adjusted,_Z,Not applicable,2006-Q3,,98.42298,,A,Normal value,,,2015,,,,2,Two
DATAFLOW,OECD.SDD.TPS:DSD_PRICES@DF_PRICES_ALL(1.0),"Consumer price indices (CPIs, HICPs), COICOP 1999",I,CHE,Switzerland,Q,Quarterly,N,National,CPI,Consumer price index,IX,Index,_T,Total,N,Neither seasonally adjusted nor calendar adjusted,_Z,Not applicable,2006-Q4,,98.64742,,A,Normal value,,,2015,,,,2,Two
DATAFLOW,OECD.SDD.TPS:DSD_PRICES@DF_PRICES_ALL(1.0),"Consumer price indices (CPIs, HICPs), COICOP 1999",I,CHE,Switzerland,Q,Quarterly,N,National,CPI,Consumer price index,IX,Index,_T,Total,N,Neither seasonally adjusted nor calendar adjusted,_Z,Not applicable,2007-Q1,,98.10749,,A,Normal value,,,2015,,,,2,Two
DATAFLOW,OECD.SDD.TPS:DSD_PRICES@DF_PRICES_ALL(1.0),"Consumer price indices (CPIs, HICPs), COICOP 1999",I,CHE,Switzerland,Q,Quarterly,N,National,CPI,Consumer price index,IX,Index,_T,Total,N,Neither seasonally adjusted nor calendar adjusted,_Z,Not applicable,2007-Q2,,99.52773,,A,Normal value,,,2015,,,,2,Two
DATAFLOW,OECD.SDD.TPS:DSD_PRICES@DF_PRICES_ALL(1.0),"Consumer price indices (CPIs, HICPs), COICOP 1999",I,CHE,Switzerland,Q,Quarterly,N,National,CPI,Consumer price index,IX,Index,_T,Total,N,Neither seasonally adjusted nor calendar adjusted,_Z,Not applicable,2007-Q3,,99.04731,,A,Normal value,,,2015,,,,2,Two
DATAFLOW,OECD.SDD.TPS:DSD_PRICES@DF_PRICES_ALL(1.0),"Consumer price indices (CPIs, HICPs), COICOP 1999",I,CHE,Switzerland,Q,Quarterly,N,National,CPI,Consumer price index,IX,Index,_T,Total,N,Neither seasonally adjusted nor calendar adjusted,_Z,Not applicable,2007-Q4,,100.3042,,A,Normal value,,,2015,,,,2,Two
DATAFLOW,OECD.SDD.TPS:DSD_PRICES@DF_PRICES_ALL(1.0),"Consumer price indices (CPIs, HICPs), COICOP 1999",I,CHE,Switzerland,Q,Quarterly,N,National,CPI,Consumer price index,IX,Index,_T,Total,N,Neither seasonally adjusted nor calendar adjusted,_Z,Not applicable,2008-Q1,,100.5347,,A,Normal value,,,2015,,,,2,Two
DATAFLOW,OECD.SDD.TPS:DSD_PRICES@DF_PRICES_ALL(1.0),"Consumer price indices (CPIs, HICPs), COICOP 1999",I,CHE,Switzerland,Q,Quarterly,N,National,CPI,Consumer price index,IX,Index,_T,Total,N,Neither seasonally adjusted nor calendar adjusted,_Z,Not applicable,2008-Q2,,102.1992,,A,Normal value,,,2015,,,,2,Two
DATAFLOW,OECD.SDD.TPS:DSD_PRICES@DF_PRICES_ALL(1.0),"Consumer price indices (CPIs, HICPs), COICOP 1999",I,CHE,Switzerland,Q,Quarterly,N,National,CPI,Consumer price index,IX,Index,_T,Total,N,Neither seasonally adjusted nor calendar adjusted,_Z,Not applicable,2008-Q3,,101.9935,,A,Normal value,,,2015,,,,2,Two
DATAFLOW,OECD.SDD.TPS:DSD_PRICES@DF_PRICES_ALL(1.0),"Consumer price indices (CPIs, HICPs), COICOP 1999",I,CHE,Switzerland,Q,Quarterly,N,National,CPI,Consumer price index,IX,Index,_T,Total,N,Neither seasonally adjusted nor calendar adjusted,_Z,Not applicable,2008-Q4,,101.8905,,A,Normal value,,,2015,,,,2,Two
DATAFLOW,OECD.SDD.TPS:DSD_PRICES@DF_PRICES_ALL(1.0),"Consumer price indices (CPIs, HICPs), COICOP 1999",I,CHE,Switzerland,Q,Quarterly,N,National,CPI,Consumer price index,IX,Index,_T,Total,N,Neither seasonally adjusted nor calendar adjusted,_Z,Not applicable,2009-Q1,,100.5182,,A,Normal value,,,2015,,,,2,Two
DATAFLOW,OECD.SDD.TPS:DSD_PRICES@DF_PRICES_ALL(1.0),"Consumer price indices (CPIs, HICPs), COICOP 1999",I,CHE,Switzerland,Q,Quarterly,N,National,CPI,Consumer price index,IX,Index,_T,Total,N,Neither seasonally adjusted nor calendar adjusted,_Z,Not applicable,1996-Q4,,90.97419,,A,Normal value,,,2015,,,,2,Two
DATAFLOW,OECD.SDD.TPS:DSD_PRICES@DF_PRICES_ALL(1.0),"Consumer price indices (CPIs, HICPs), COICOP 1999",I,CHE,Switzerland,Q,Quarterly,N,National,CPI,Consumer price index,IX,Index,_T,Total,N,Neither seasonally adjusted nor calendar adjusted,_Z,Not applicable,1997-Q1,,91.33298,,A,Normal value,,,2015,,,,2,Two
DATAFLOW,OECD.SDD.TPS:DSD_PRICES@DF_PRICES_ALL(1.0),"Consumer price indices (CPIs, HICPs), COICOP 1999",I,CHE,Switzerland,Q,Quarterly,N,National,CPI,Consumer price index,IX,Index,_T,Total,N,Neither seasonally adjusted nor calendar adjusted,_Z,Not applicable,1997-Q2,,91.22747,,A,Normal value,,,2015,,,,2,Two
DATAFLOW,OECD.SDD.TPS:DSD_PRICES@DF_PRICES_ALL(1.0),"Consumer price indices (CPIs, HICPs), COICOP 1999",I,CHE,Switzerland,Q,Quarterly,N,National,CPI,Consumer price index,IX,Index,_T,Total,N,Neither seasonally adjusted nor calendar adjusted,_Z,Not applicable,1997-Q3,,91.22774,,A,Normal value,,,2015,,,,2,Two
DATAFLOW,OECD.SDD.TPS:DSD_PRICES@DF_PRICES_ALL(1.0),"Consumer price indices (CPIs, HICPs), COICOP 1999",I,CHE,Switzerland,Q,Quarterly,N,National,CPI,Consumer price index,IX,Index,_T,Total,N,Neither seasonally adjusted nor calendar adjusted,_Z,Not applicable,2010-Q4,,102.0327,,A,Normal value,,,2015,,,,2,Two
DATAFLOW,OECD.SDD.TPS:DSD_PRICES@DF_PRICES_ALL(1.0),"Consumer price indices (CPIs, HICPs), COICOP 1999",I,CHE,Switzerland,Q,Quarterly,N,National,CPI,Consumer price index,IX,Index,_T,Total,N,Neither seasonally adjusted nor calendar adjusted,_Z,Not applicable,2011-Q1,,102.2503,,A,Normal value,,,2015,,,,2,Two
DATAFLOW,OECD.SDD.TPS:DSD_PRICES@DF_PRICES_ALL(1.0),"Consumer price indices (CPIs, HICPs), COICOP 1999",I,CHE,Switzerland,Q,Quarterly,N,National,CPI,Consumer price index,IX,Index,_T,Total,N,Neither seasonally adjusted nor calendar adjusted,_Z,Not applicable,2011-Q2,,102.8418,,A,Normal value,,,2015,,,,2,Two
DATAFLOW,OECD.SDD.TPS:DSD_PRICES@DF_PRICES_ALL(1.0),"Consumer price indices (CPIs, HICPs), COICOP 1999",I,CHE,Switzerland,Q,Quarterly,N,National,CPI,Consumer price index,IX,Index,_T,Total,N,Neither seasonally adjusted nor calendar adjusted,_Z,Not applicable,2011-Q3,,101.7273,,A,Normal value,,,2015,,,,2,Two
DATAFLOW,OECD.SDD.TPS:DSD_PRICES@DF_PRICES_ALL(1.0),"Consumer price indices (CPIs, HICPs), COICOP 1999",I,CHE,Switzerland,Q,Quarterly,N,National,CPI,Consumer price index,IX,Index,_T,Total,N,Neither seasonally adjusted nor calendar adjusted,_Z,Not applicable,2011-Q4,,101.5723,,A,Normal value,,,2015,,,,2,Two
DATAFLOW,OECD.SDD.TPS:DSD_PRICES@DF_PRICES_ALL(1.0),"Consumer price indices (CPIs, HICPs), COICOP 1999",I,CHE,Switzerland,Q,Quarterly,N,National,CPI,Consumer price index,IX,Index,_T,Total,N,Neither seasonally adjusted nor calendar adjusted,_Z,Not applicable,2012-Q1,,101.3545,,A,Normal value,,,2015,,,,2,Two
DATAFLOW,OECD.SDD.TPS:DSD_PRICES@DF_PRICES_ALL(1.0),"Consumer price indices (CPIs, HICPs), COICOP 1999",I,CHE,Switzerland,Q,Quarterly,N,National,CPI,Consumer price index,IX,Index,_T,Total,N,Neither seasonally adjusted nor calendar adjusted,_Z,Not applicable,2012-Q2,,101.7939,,A,Normal value,,,2015,,,,2,Two
DATAFLOW,OECD.SDD.TPS:DSD_PRICES@DF_PRICES_ALL(1.0),"Consumer price indices (CPIs, HICPs), COICOP 1999",I,CHE,Switzerland,Q,Quarterly,N,National,CPI,Consumer price index,IX,Index,_T,Total,N,Neither seasonally adjusted nor calendar adjusted,_Z,Not applicable,2012-Q3,,101.192,,A,Normal value,,,2015,,,,2,Two
DATAFLOW,OECD.SDD.TPS:DSD_PRICES@DF_PRICES_ALL(1.0),"Consumer price indices (CPIs, HICPs), COICOP 1999",I,CHE,Switzerland,Q,Quarterly,N,National,CPI,Consumer price index,IX,Index,_T,Total,N,Neither seasonally adjusted nor calendar adjusted,_Z,Not applicable,2012-Q4,,101.223,,A,Normal value,,,2015,,,,2,Two
DATAFLOW,OECD.SDD.TPS:DSD_PRICES@DF_PRICES_ALL(1.0),"Consumer price indices (CPIs, HICPs), COICOP 1999",I,CHE,Switzerland,Q,Quarterly,N,National,CPI,Consumer price index,IX,Index,_T,Total,N,Neither seasonally adjusted nor calendar adjusted,_Z,Not applicable,2013-Q1,,100.9758,,A,Normal value,,,2015,,,,2,Two
DATAFLOW,OECD.SDD.TPS:DSD_PRICES@DF_PRICES_ALL(1.0),"Consumer price indices (CPIs, HICPs), COICOP 1999",I,CHE,Switzerland,Q,Quarterly,N,National,CPI,Consumer price index,IX,Index,_T,Total,N,Neither seasonally adjusted nor calendar adjusted,_Z,Not applicable,2013-Q2,,101.3628,,A,Normal value,,,2015,,,,2,Two
DATAFLOW,OECD.SDD.TPS:DSD_PRICES@DF_PRICES_ALL(1.0),"Consumer price indices (CPIs, HICPs), COICOP 1999",I,CHE,Switzerland,Q,Quarterly,N,National,CPI,Consumer price index,IX,Index,_T,Total,N,Neither seasonally adjusted nor calendar adjusted,_Z,Not applicable,2013-Q3,,101.1573,,A,Normal value,,,2015,,,,2,Two
DATAFLOW,OECD.SDD.TPS:DSD_PRICES@DF_PRICES_ALL(1.0),"Consumer price indices (CPIs, HICPs), COICOP 1999",I,CHE,Switzerland,Q,Quarterly,N,National,CPI,Consumer price index,IX,Index,_T,Total,N,Neither seasonally adjusted nor calendar adjusted,_Z,Not applicable,2013-Q4,,101.1861,,A,Normal value,,,2015,,,,2,Two
DATAFLOW,OECD.SDD.TPS:DSD_PRICES@DF_PRICES_ALL(1.0),"Consumer price indices (CPIs, HICPs), COICOP 1999",I,CHE,Switzerland,Q,Quarterly,N,National,CPI,Consumer price index,IX,Index,_T,Total,N,Neither seasonally adjusted nor calendar adjusted,_Z,Not applicable,2014-Q1,,100.9475,,A,Normal value,,,2015,,,,2,Two
DATAFLOW,OECD.SDD.TPS:DSD_PRICES@DF_PRICES_ALL(1.0),"Consumer price indices (CPIs, HICPs), COICOP 1999",I,CHE,Switzerland,Q,Quarterly,N,National,CPI,Consumer price index,IX,Index,_T,Total,N,Neither seasonally adjusted nor calendar adjusted,_Z,Not applicable,2014-Q2,,101.467,,A,Normal value,,,2015,,,,2,Two
DATAFLOW,OECD.SDD.TPS:DSD_PRICES@DF_PRICES_ALL(1.0),"Consumer price indices (CPIs, HICPs), COICOP 1999",I,CHE,Switzerland,Q,Quarterly,N,National,CPI,Consumer price index,IX,Index,_T,Total,N,Neither seasonally adjusted nor calendar adjusted,_Z,Not applicable,2014-Q3,,101.1626,,A,Normal value,,,2015,,,,2,Two
DATAFLOW,OECD.SDD.TPS:DSD_PRICES@DF_PRICES_ALL(1.0),"Consumer price indices (CPIs, HICPs), COICOP 1999",I,CHE,Switzerland,Q,Quarterly,N,National,CPI,Consumer price index,IX,Index,_T,Total,N,Neither seasonally adjusted nor calendar adjusted,_Z,Not applicable,2014-Q4,,101.0515,,A,Normal value,,,2015,,,,2,Two
DATAFLOW,OECD.SDD.TPS:DSD_PRICES@DF_PRICES_ALL(1.0),"Consumer price indices (CPIs, HICPs), COICOP 1999",I,CHE,Switzerland,Q,Quarterly,N,National,CPI,Consumer price index,IX,Index,_T,Total,N,Neither seasonally adjusted nor calendar adjusted,_Z,Not applicable,2015-Q1,,100.2071,,A,Normal value,,,2015,,,,2,Two
DATAFLOW,OECD.SDD.TPS:DSD_PRICES@DF_PRICES_ALL(1.0),"Consumer price indices (CPIs, HICPs), COICOP 1999",I,CHE,Switzerland,Q,Quarterly,N,National,CPI,Consumer price index,IX,Index,_T,Total,N,Neither seasonally adjusted nor calendar adjusted,_Z,Not applicable,2015-Q2,,100.3367,,A,Normal value,,,2015,,,,2,Two
DATAFLOW,OECD.SDD.TPS:DSD_PRICES@DF_PRICES_ALL(1.0),"Consumer price indices (CPIs, HICPs), COICOP 1999",I,CHE,Switzerland,Q,Quarterly,N,National,CPI,Consumer price index,IX,Index,_T,Total,N,Neither seasonally adjusted nor calendar adjusted,_Z,Not applicable,2015-Q3,,99.77255,,A,Normal value,,,2015,,,,2,Two
DATAFLOW,OECD.SDD.TPS:DSD_PRICES@DF_PRICES_ALL(1.0),"Consumer price indices (CPIs, HICPs), COICOP 1999",I,CHE,Switzerland,Q,Quarterly,N,National,CPI,Consumer price index,IX,Index,_T,Total,N,Neither seasonally adjusted nor calendar adjusted,_Z,Not applicable,2015-Q4,,99.68357,,A,Normal value,,,2015,,,,2,Two
DATAFLOW,OECD.SDD.TPS:DSD_PRICES@DF_PRICES_ALL(1.0),"Consumer price indices (CPIs, HICPs), COICOP 1999",I,CHE,Switzerland,Q,Quarterly,N,National,CPI,Consumer price index,IX,Index,_T,Total,N,Neither seasonally adjusted nor calendar adjusted,_Z,Not applicable,2016-Q1,,99.2197,,A,Normal value,,,2015,,,,2,Two
DATAFLOW,OECD.SDD.TPS:DSD_PRICES@DF_PRICES_ALL(1.0),"Consumer price indices (CPIs, HICPs), COICOP 1999",I,CHE,Switzerland,Q,Quarterly,N,National,CPI,Consumer price index,IX,Index,_T,Total,N,Neither seasonally adjusted nor calendar adjusted,_Z,Not applicable,2016-Q2,,99.94674,,A,Normal value,,,2015,,,,2,Two
DATAFLOW,OECD.SDD.TPS:DSD_PRICES@DF_PRICES_ALL(1.0),"Consumer price indices (CPIs, HICPs), COICOP 1999",I,CHE,Switzerland,Q,Quarterly,N,National,CPI,Consumer price index,IX,Index,_T,Total,N,Neither seasonally adjusted nor calendar adjusted,_Z,Not applicable,2016-Q3,,99.5971,,A,Normal value,,,2015,,,,2,Two
DATAFLOW,OECD.SDD.TPS:DSD_PRICES@DF_PRICES_ALL(1.0),"Consumer price indices (CPIs, HICPs), COICOP 1999",I,CHE,Switzerland,Q,Quarterly,N,National,CPI,Consumer price index,IX,Index,_T,Total,N,Neither seasonally adjusted nor calendar adjusted,_Z,Not applicable,2016-Q4,,99.49799,,A,Normal value,,,2015,,,,2,Two
DATAFLOW,OECD.SDD.TPS:DSD_PRICES@DF_PRICES_ALL(1.0),"Consumer price indices (CPIs, HICPs), COICOP 1999",I,CHE,Switzerland,Q,Quarterly,N,National,CPI,Consumer price index,IX,Index,_T,Total,N,Neither seasonally adjusted nor calendar adjusted,_Z,Not applicable,2017-Q1,,99.7367,,A,Normal value,,,2015,,,,2,Two
DATAFLOW,OECD.SDD.TPS:DSD_PRICES@DF_PRICES_ALL(1.0),"Consumer price indices (CPIs, HICPs), COICOP 1999",I,CHE,Switzerland,Q,Quarterly,N,National,CPI,Consumer price index,IX,Index,_T,Total,N,Neither seasonally adjusted nor calendar adjusted,_Z,Not applicable,2017-Q2,,100.3179,,A,Normal value,,,2015,,,,2,Two
DATAFLOW,OECD.SDD.TPS:DSD_PRICES@DF_PRICES_ALL(1.0),"Consumer price indices (CPIs, HICPs), COICOP 1999",I,CHE,Switzerland,Q,Quarterly,N,National,CPI,Consumer price index,IX,Index,_T,Total,N,Neither seasonally adjusted nor calendar adjusted,_Z,Not applicable,2017-Q3,,100.0765,,A,Normal value,,,2015,,,,2,Two
DATAFLOW,OECD.SDD.TPS:DSD_PRICES@DF_PRICES_ALL(1.0),"Consumer price indices (CPIs, HICPs), COICOP 1999",I,CHE,Switzerland,Q,Quarterly,N,National,CPI,Consumer price index,IX,Index,_T,Total,N,Neither seasonally adjusted nor calendar adjusted,_Z,Not applicable,2017-Q4,,100.2563,,A,Normal value,,,2015,,,,2,Two
DATAFLOW,OECD.SDD.TPS:DSD_PRICES@DF_PRICES_ALL(1.0),"Consumer price indices (CPIs, HICPs), COICOP 1999",I,CHE,Switzerland,Q,Quarterly,N,National,CPI,Consumer price index,IX,Index,_T,Total,N,Neither seasonally adjusted nor calendar adjusted,_Z,Not applicable,2018-Q1,,100.4561,,A,Normal value,,,2015,,,,2,Two
DATAFLOW,OECD.SDD.TPS:DSD_PRICES@DF_PRICES_ALL(1.0),"Consumer price indices (CPIs, HICPs), COICOP 1999",I,CHE,Switzerland,Q,Quarterly,N,National,CPI,Consumer price index,IX,Index,_T,Total,N,Neither seasonally adjusted nor calendar adjusted,_Z,Not applicable,2018-Q2,,101.3041,,A,Normal value,,,2015,,,,2,Two
DATAFLOW,OECD.SDD.TPS:DSD_PRICES@DF_PRICES_ALL(1.0),"Consumer price indices (CPIs, HICPs), COICOP 1999",I,CHE,Switzerland,Q,Quarterly,N,National,CPI,Consumer price index,IX,Index,_T,Total,N,Neither seasonally adjusted nor calendar adjusted,_Z,Not applicable,2018-Q3,,101.2108,,A,Normal value,,,2015,,,,2,Two
DATAFLOW,OECD.SDD.TPS:DSD_PRICES@DF_PRICES_ALL(1.0),"Consumer price indices (CPIs, HICPs), COICOP 1999",I,CHE,Switzerland,Q,Quarterly,N,National,CPI,Consumer price index,IX,Index,_T,Total,N,Neither seasonally adjusted nor calendar adjusted,_Z,Not applicable,2018-Q4,,101.1654,,A,Normal value,,,2015,,,,2,Two
DATAFLOW,OECD.SDD.TPS:DSD_PRICES@DF_PRICES_ALL(1.0),"Consumer price indices (CPIs, HICPs), COICOP 1999",I,CHE,Switzerland,Q,Quarterly,N,National,CPI,Consumer price index,IX,Index,_T,Total,N,Neither seasonally adjusted nor calendar adjusted,_Z,Not applicable,2019-Q1,,101.0817,,A,Normal value,,,2015,,,,2,Two
DATAFLOW,OECD.SDD.TPS:DSD_PRICES@DF_PRICES_ALL(1.0),"Consumer price indices (CPIs, HICPs), COICOP 1999",I,CHE,Switzerland,Q,Quarterly,N,National,CPI,Consumer price index,IX,Index,_T,Total,N,Neither seasonally adjusted nor calendar adjusted,_Z,Not applicable,2019-Q2,,101.9599,,A,Normal value,,,2015,,,,2,Two
DATAFLOW,OECD.SDD.TPS:DSD_PRICES@DF_PRICES_ALL(1.0),"Consumer price indices (CPIs, HICPs), COICOP 1999",I,CHE,Switzerland,Q,Quarterly,N,National,CPI,Consumer price index,IX,Index,_T,Total,N,Neither seasonally adjusted nor calendar adjusted,_Z,Not applicable,2019-Q3,,101.4733,,A,Normal value,,,2015,,,,2,Two
DATAFLOW,OECD.SDD.TPS:DSD_PRICES@DF_PRICES_ALL(1.0),"Consumer price indices (CPIs, HICPs), COICOP 1999",I,CHE,Switzerland,Q,Quarterly,N,National,CPI,Consumer price index,IX,Index,_T,Total,N,Neither seasonally adjusted nor calendar adjusted,_Z,Not applicable,2019-Q4,,101.088,,A,Normal value,,,2015,,,,2,Two
DATAFLOW,OECD.SDD.TPS:DSD_PRICES@DF_PRICES_ALL(1.0),"Consumer price indices (CPIs, HICPs), COICOP 1999",I,CHE,Switzerland,Q,Quarterly,N,National,CPI,Consumer price index,IX,Index,_T,Total,N,Neither seasonally adjusted nor calendar adjusted,_Z,Not applicable,2020-Q1,,100.9542,,A,Normal value,,,2015,,,,2,Two
DATAFLOW,OECD.SDD.TPS:DSD_PRICES@DF_PRICES_ALL(1.0),"Consumer price indices (CPIs, HICPs), COICOP 1999",I,CHE,Switzerland,Q,Quarterly,N,National,CPI,Consumer price index,IX,Index,_T,Total,N,Neither seasonally adjusted nor calendar adjusted,_Z,Not applicable,2020-Q2,,100.7151,,A,Normal value,,,2015,,,,2,Two
DATAFLOW,OECD.SDD.TPS:DSD_PRICES@DF_PRICES_ALL(1.0),"Consumer price indices (CPIs, HICPs), COICOP 1999",I,CHE,Switzerland,Q,Quarterly,N,National,CPI,Consumer price index,IX,Index,_T,Total,N,Neither seasonally adjusted nor calendar adjusted,_Z,Not applicable,2020-Q3,,100.5986,,A,Normal value,,,2015,,,,2,Two
DATAFLOW,OECD.SDD.TPS:DSD_PRICES@DF_PRICES_ALL(1.0),"Consumer price indices (CPIs, HICPs), COICOP 1999",I,CHE,Switzerland,Q,Quarterly,N,National,CPI,Consumer price index,IX,Index,_T,Total,N,Neither seasonally adjusted nor calendar adjusted,_Z,Not applicable,2020-Q4,,100.3909,,A,Normal value,,,2015,,,,2,Two
DATAFLOW,OECD.SDD.TPS:DSD_PRICES@DF_PRICES_ALL(1.0),"Consumer price indices (CPIs, HICPs), COICOP 1999",I,CHE,Switzerland,Q,Quarterly,N,National,CPI,Consumer price index,IX,Index,_T,Total,N,Neither seasonally adjusted nor calendar adjusted,_Z,Not applicable,2021-Q1,,100.519,,A,Normal value,,,2015,,,,2,Two
DATAFLOW,OECD.SDD.TPS:DSD_PRICES@DF_PRICES_ALL(1.0),"Consumer price indices (CPIs, HICPs), COICOP 1999",I,CHE,Switzerland,Q,Quarterly,N,National,CPI,Consumer price index,IX,Index,_T,Total,N,Neither seasonally adjusted nor calendar adjusted,_Z,Not applicable,2021-Q2,,101.2131,,A,Normal value,,,2015,,,,2,Two
DATAFLOW,OECD.SDD.TPS:DSD_PRICES@DF_PRICES_ALL(1.0),"Consumer price indices (CPIs, HICPs), COICOP 1999",I,CHE,Switzerland,Q,Quarterly,N,National,CPI,Consumer price index,IX,Index,_T,Total,N,Neither seasonally adjusted nor calendar adjusted,_Z,Not applicable,2021-Q3,,101.4379,,A,Normal value,,,2015,,,,2,Two
DATAFLOW,OECD.SDD.TPS:DSD_PRICES@DF_PRICES_ALL(1.0),"Consumer price indices (CPIs, HICPs), COICOP 1999",I,CHE,Switzerland,Q,Quarterly,N,National,CPI,Consumer price index,IX,Index,_T,Total,N,Neither seasonally adjusted nor calendar adjusted,_Z,Not applicable,2021-Q4,,101.8316,,A,Normal value,,,2015,,,,2,Two
DATAFLOW,OECD.SDD.TPS:DSD_PRICES@DF_PRICES_ALL(1.0),"Consumer price indices (CPIs, HICPs), COICOP 1999",I,CHE,Switzerland,Q,Quarterly,N,National,CPI,Consumer price index,IX,Index,_T,Total,N,Neither seasonally adjusted nor calendar adjusted,_Z,Not applicable,2022-Q1,,102.5922,,A,Normal value,,,2015,,,,2,Two
DATAFLOW,OECD.SDD.TPS:DSD_PRICES@DF_PRICES_ALL(1.0),"Consumer price indices (CPIs, HICPs), COICOP 1999",I,CHE,Switzerland,Q,Quarterly,N,National,CPI,Consumer price index,IX,Index,_T,Total,N,Neither seasonally adjusted nor calendar adjusted,_Z,Not applicable,2022-Q2,,104.2079,,A,Normal value,,,2015,,,,2,Two
DATAFLOW,OECD.SDD.TPS:DSD_PRICES@DF_PRICES_ALL(1.0),"Consumer price indices (CPIs, HICPs), COICOP 1999",I,CHE,Switzerland,Q,Quarterly,N,National,CPI,Consumer price index,IX,Index,_T,Total,N,Neither seasonally adjusted nor calendar adjusted,_Z,Not applicable,2022-Q3,,104.8658,,A,Normal value,,,2015,,,,2,Two
DATAFLOW,OECD.SDD.TPS:DSD_PRICES@DF_PRICES_ALL(1.0),"Consumer price indices (CPIs, HICPs), COICOP 1999",I,CHE,Switzerland,Q,Quarterly,N,National,CPI,Consumer price index,IX,Index,_T,Total,N,Neither seasonally adjusted nor calendar adjusted,_Z,Not applicable,2022-Q4,,104.8175,,A,Normal value,,,2015,,,,2,Two
DATAFLOW,OECD.SDD.TPS:DSD_PRICES@DF_PRICES_ALL(1.0),"Consumer price indices (CPIs, HICPs), COICOP 1999",I,CHE,Switzerland,Q,Quarterly,N,National,CPI,Consumer price index,IX,Index,_T,Total,N,Neither seasonally adjusted nor calendar adjusted,_Z,Not applicable,2023-Q1,,105.8744,,A,Normal value,,,2015,,,,2,Two
DATAFLOW,OECD.SDD.TPS:DSD_PRICES@DF_PRICES_ALL(1.0),"Consumer price indices (CPIs, HICPs), COICOP 1999",I,CHE,Switzerland,Q,Quarterly,N,National,CPI,Consumer price index,IX,Index,_T,Total,N,Neither seasonally adjusted nor calendar adjusted,_Z,Not applicable,2023-Q2,,106.4415,,A,Normal value,,,2015,,,,2,Two
DATAFLOW,OECD.SDD.TPS:DSD_PRICES@DF_PRICES_ALL(1.0),"Consumer price indices (CPIs, HICPs), COICOP 1999",I,CHE,Switzerland,Q,Quarterly,N,National,CPI,Consumer price index,IX,Index,_T,Total,N,Neither seasonally adjusted nor calendar adjusted,_Z,Not applicable,2023-Q3,,106.5485,,A,Normal value,,,2015,,,,2,Two
DATAFLOW,OECD.SDD.TPS:DSD_PRICES@DF_PRICES_ALL(1.0),"Consumer price indices (CPIs, HICPs), COICOP 1999",I,CHE,Switzerland,Q,Quarterly,N,National,CPI,Consumer price index,IX,Index,_T,Total,N,Neither seasonally adjusted nor calendar adjusted,_Z,Not applicable,2023-Q4,,106.5126,,A,Normal value,,,2015,,,,2,Two
DATAFLOW,OECD.SDD.TPS:DSD_PRICES@DF_PRICES_ALL(1.0),"Consumer price indices (CPIs, HICPs), COICOP 1999",I,CHE,Switzerland,Q,Quarterly,N,National,CPI,Consumer price index,IX,Index,_T,Total,N,Neither seasonally adjusted nor calendar adjusted,_Z,Not applicable,2024-Q1,,107.1064,,A,Normal value,,,2015,,,,2,Two
DATAFLOW,OECD.SDD.TPS:DSD_PRICES@DF_PRICES_ALL(1.0),"Consumer price indices (CPIs, HICPs), COICOP 1999",I,CHE,Switzerland,Q,Quarterly,N,National,CPI,Consumer price index,IX,Index,_T,Total,N,Neither seasonally adjusted nor calendar adjusted,_Z,Not applicable,2024-Q2,,107.8912,,A,Normal value,,,2015,,,,2,Two
DATAFLOW,OECD.SDD.TPS:DSD_PRICES@DF_PRICES_ALL(1.0),"Consumer price indices (CPIs, HICPs), COICOP 1999",I,CHE,Switzerland,Q,Quarterly,N,National,CPI,Consumer price index,IX,Index,_T,Total,N,Neither seasonally adjusted nor calendar adjusted,_Z,Not applicable,2024-Q3,,107.6827,,A,Normal value,,,2015,,,,2,Two
DATAFLOW,OECD.SDD.TPS:DSD_PRICES@DF_PRICES_ALL(1.0),"Consumer price indices (CPIs, HICPs), COICOP 1999",I,CHE,Switzerland,Q,Quarterly,N,National,CPI,Consumer price index,IX,Index,_T,Total,N,Neither seasonally adjusted nor calendar adjusted,_Z,Not applicable,2024-Q4,,107.2156,,A,Normal value,,,2015,,,,2,Two
DATAFLOW,OECD.SDD.TPS:DSD_PRICES@DF_PRICES_ALL(1.0),"Consumer price indices (CPIs, HICPs), COICOP 1999",I,CHE,Switzerland,Q,Quarterly,N,National,CPI,Consumer price index,IX,Index,_T,Total,N,Neither seasonally adjusted nor calendar adjusted,_Z,Not applicable,2000-Q4,,93.96691,,A,Normal value,,,2015,,,,2,Two
DATAFLOW,OECD.SDD.TPS:DSD_PRICES@DF_PRICES_ALL(1.0),"Consumer price indices (CPIs, HICPs), COICOP 1999",I,CHE,Switzerland,Q,Quarterly,N,National,CPI,Consumer price index,IX,Index,_T,Total,N,Neither seasonally adjusted nor calendar adjusted,_Z,Not applicable,2001-Q1,,93.96668,,A,Normal value,,,2015,,,,2,Two
DATAFLOW,OECD.SDD.TPS:DSD_PRICES@DF_PRICES_ALL(1.0),"Consumer price indices (CPIs, HICPs), COICOP 1999",I,CHE,Switzerland,Q,Quarterly,N,National,CPI,Consumer price index,IX,Index,_T,Total,N,Neither seasonally adjusted nor calendar adjusted,_Z,Not applicable,2001-Q2,,94.68564,,A,Normal value,,,2015,,,,2,Two
DATAFLOW,OECD.SDD.TPS:DSD_PRICES@DF_PRICES_ALL(1.0),"Consumer price indices (CPIs, HICPs), COICOP 1999",I,CHE,Switzerland,Q,Quarterly,N,National,CPI,Consumer price index,IX,Index,_T,Total,N,Neither seasonally adjusted nor calendar adjusted,_Z,Not applicable,2001-Q3,,94.52158,,A,Normal value,,,2015,,,,2,Two
DATAFLOW,OECD.SDD.TPS:DSD_PRICES@DF_PRICES_ALL(1.0),"Consumer price indices (CPIs, HICPs), COICOP 1999",I,CHE,Switzerland,Q,Quarterly,N,National,CPI,Consumer price index,IX,Index,_T,Total,N,Neither seasonally adjusted nor calendar adjusted,_Z,Not applicable,2001-Q4,,94.35578,,A,Normal value,,,2015,,,,2,Two
DATAFLOW,OECD.SDD.TPS:DSD_PRICES@DF_PRICES_ALL(1.0),"Consumer price indices (CPIs, HICPs), COICOP 1999",I,CHE,Switzerland,Q,Quarterly,N,National,CPI,Consumer price index,IX,Index,_T,Total,N,Neither seasonally adjusted nor calendar adjusted,_Z,Not applicable,2002-Q1,,94.49454,,A,Normal value,,,2015,,,,2,Two
DATAFLOW,OECD.SDD.TPS:DSD_PRICES@DF_PRICES_ALL(1.0),"Consumer price indices (CPIs, HICPs), COICOP 1999",I,CHE,Switzerland,Q,Quarterly,N,National,CPI,Consumer price index,IX,Index,_T,Total,N,Neither seasonally adjusted nor calendar adjusted,_Z,Not applicable,2002-Q2,,95.33841,,A,Normal value,,,2015,,,,2,Two
DATAFLOW,OECD.SDD.TPS:DSD_PRICES@DF_PRICES_ALL(1.0),"Consumer price indices (CPIs, HICPs), COICOP 1999",I,CHE,Switzerland,Q,Quarterly,N,National,CPI,Consumer price index,IX,Index,_T,Total,N,Neither seasonally adjusted nor calendar adjusted,_Z,Not applicable,2009-Q3,,101.0039,,A,Normal value,,,2015,,,,2,Two
DATAFLOW,OECD.SDD.TPS:DSD_PRICES@DF_PRICES_ALL(1.0),"Consumer price indices (CPIs, HICPs), COICOP 1999",I,CHE,Switzerland,Q,Quarterly,N,National,CPI,Consumer price index,IX,Index,_T,Total,N,Neither seasonally adjusted nor calendar adjusted,_Z,Not applicable,2009-Q4,,101.7092,,A,Normal value,,,2015,,,,2,Two
DATAFLOW,OECD.SDD.TPS:DSD_PRICES@DF_PRICES_ALL(1.0),"Consumer price indices (CPIs, HICPs), COICOP 1999",I,CHE,Switzerland,Q,Quarterly,N,National,CPI,Consumer price index,IX,Index,_T,Total,N,Neither seasonally adjusted nor calendar adjusted,_Z,Not applicable,2010-Q1,,101.6425,,A,Normal value,,,2015,,,,2,Two
